Categoría,Marca,SubMarca,Proveedor,Contenido,Litros,idProducto
Cervezas,Saint Archer,Saint Archer Gold,Feduro,355 Ml,0.35500,12961487
Cervezas,Ballast Point,Ballast Point Bonito,Otros,355 Ml,0.35500,12695982
Cervezas,La Rana Dorada,La Rana Dorada Blanche,Otros,355 Ml,0.35500,12696022
Vinos,Peñasol,Peñasol,Global Brands,750 Ml,0.75000,12012242
Vinos,Marques De Caceres,Marques De Caceres,Swg,750 Ml,0.75000,6432018
Vinos,Barefoot,Barefoot,Varela Hermanos,750 Ml,0.75000,6432196
Vinos,Carlo Rossi,Carlo Rossi White,Varela Hermanos,750 Ml,0.75000,6432184
Vinos,Paso Fino,Paso Fino,Otros,750 Ml,0.75000,811965
Brandy,Royale,Royale,Otros,750 Ml,0.75000,11954986
Vinos,Amelia,Amelia,Felipe Motta,750 Ml,0.75000,393249
Vinos,Barefoot,Barefoot,Varela Hermanos,750 Ml,0.75000,414915
Vinos,B&g,B&g Reserve,Global Brands,750 Ml,0.75000,423197
Ron y aguardiente,Flor De Caña,Flor De Caña Centenario 18,Otros,750 Ml,0.75000,8089153
Whisky,Sir Albert,Sir Albert,Otros,1000 Ml,1.00000,13136921
Cervezas,Bavaria Holland,Bavaria Holland Sin Alcohol,Otros,330 Ml,0.33000,12796618
Cervezas,Corona Ligera,Corona Ligera,Cervecería Nacional,355 Ml,0.35500,12813551
Cervezas,Coors Light,Coors Light,Feduro,295 Ml,0.29500,12813543
Cervezas,Panama Light,Panama Light,Heineken Panamá,355 Ml,0.35500,12813547
Whisky,Chivas Regal,Chivas Regal,Swg,375 Ml,0.37500,12814049
Cervezas,Presidente Light,Presidente Light,Cervecería Nacional,355 Ml,0.35500,12814101
Cervezas,Becks,Becks,Felipe Motta,330 Ml,0.33000,12814152
Ron y aguardiente,Malibu,Malibu,Swg,750 Ml,0.75000,12814199
Cervezas,Ballast Point,Ballast Point Sculpin Ipa,Otros,355 Ml,0.35500,12814219
Cervezas,Flensburger,Flensburger,Otros,330 Ml,0.33000,12814244
Vinos,Peñasol,Peñasol,Global Brands,750 Ml,0.75000,12017804
Vinos,Riunite,Riunite,Varela Hermanos,750 Ml,0.75000,869278
Vinos,Riunite,Riunite D Oro,Varela Hermanos,1500 Ml,1.50000,869298
Vinos,Riunite,Riunite Rosato,Varela Hermanos,750 Ml,0.75000,869310
Whisky,Chivas Regal,Chivas Regal Extra,Swg,750 Ml,0.75000,12816311
Ron y aguardiente,Canalero,Canalero Añejo,Otros,750 Ml,0.75000,12816302
Vodka,Grey Goose,Grey Goose,Felipe Motta,750 Ml,0.75000,12816306
Cervezas,Oranjeboom,Oranjeboom Ultra Strong 14,Otros,500 Ml,0.50000,12816333
Cervezas,Cusqueña,Cusqueña Golden Lager,Otros,330 Ml,0.33000,12816327
Cervezas,Guachiman,Guachiman,Otros,355 Ml,0.35500,12816391
Cervezas,La Trappe,La Trappe Blond,Otros,330 Ml,0.33000,12816337
Cervezas,Oranjeboom,Oranjeboom Extra Strong,Otros,500 Ml,0.50000,12816362
Tequila y complementos,Sauza,Sauza Silver,Vinos y Licores,750 Ml,0.75000,2028167
Vinos,Frontera,Frontera,Felipe Motta,750 Ml,0.75000,8184862
Vinos,Beringer,Beringer Founders Estate,Felipe Motta,750 Ml,0.75000,617896
Vinos,Frontera,Frontera,Felipe Motta,750 Ml,0.75000,620312
Whisky,Johnnie Walker,Johnnie Walker Red Label,Global Brands,1750 Ml,1.75000,12839119
Vinos,Altos Las Hormigas,Altos Las Hormigas Clasico,Felipe Motta,750 Ml,0.75000,392769
Vinos,Banfi,Banfi Chianti Classico,Felipe Motta,750 Ml,0.75000,413723
Cervezas,Hollandia,Hollandia,Otros,330 Ml,0.33000,650885
Cervezas,Panama Light,Panama Light,Heineken Panamá,355 Ml,0.35500,6931316
Vodka,Smirnoff,Smirnoff,Global Brands,1750 Ml,1.75000,903840
Vinos,Cepa Roja,Cepa Roja,Varela Hermanos,750 Ml,0.75000,776233
Vinos,Paso Fino,Paso Fino,Otros,750 Ml,0.75000,811966
Vinos,Casas Patronales,Casas Patronales Paso Fino,H Tzanetatos,750 Ml,0.75000,811990
Cervezas,Moller,Moller,Otros,330 Ml,0.33000,12914550
Vinos,Riunite,Riunite Bianco,Varela Hermanos,187 Ml,0.18700,869279
Ron y aguardiente,Abuelo,Abuelo Añejo,Varela Hermanos,1000 Ml,1.00000,871627
Tequila y complementos,Jose Cuervo,Jose Cuervo Especial,Felipe Motta,375 Ml,0.37500,670061
Cervezas,La Socarrada,La Socarrada,Otros,330 Ml,0.33000,10425192
Cervezas,Miller Mgd,Miller Mgd,Feduro,355 Ml,0.35500,735295
Whisky,Chivas Regal,Chivas Regal,Swg,375 Ml,0.37500,10263944
Vinos,Navarro Correas,Navarro Corrreas Alegoria Gran Reserva,Global Brands,750 Ml,0.75000,750184
Ron y aguardiente,Bacardi,Bacardi Carta Blanca,Felipe Motta,1750 Ml,1.75000,10278573
Ron y aguardiente,Blanco Del Valle,Blanco Del Valle,Otros,750 Ml,0.75000,10278595
Cervezas,Budweiser,Budweiser,Cervecería Nacional,355 Ml,0.35500,464735
Vinos,Jp Chenet,Jp Chenet,Varela Hermanos,750 Ml,0.75000,12531307
Cervezas,Presidente,Presidente,Cervecería Nacional,355 Ml,0.35500,839512
Vinos,Riunite,Riunite Rosato,Varela Hermanos,1892 Ml,1.89200,869309
Vinos,Riunite,Riunite,Varela Hermanos,750 Ml,0.75000,869297
Ron y aguardiente,Abuelo,Abuelo Añejo,Varela Hermanos,1750 Ml,1.75000,871673
Ron y aguardiente,Abuelo,Abuelo Añejo,Varela Hermanos,750 Ml,0.75000,871677
Tequila y complementos,Sauza,Sauza Tres Generaciones,Vinos y Licores,750 Ml,0.75000,883719
Vinos,Cousiño Macul,Cousiño Macul Don Luis,Swg,750 Ml,0.75000,6431325
Whisky,Something Special,Something Special,Swg,750 Ml,0.75000,908604
Vodka,Putinka,Putinka Limited Edition,Otros,750 Ml,0.75000,10423638
Vinos,Don Angelo,Don Angelo,Otros,750 Ml,0.75000,10424831
Cervezas,Stella Artois,Stella Artois,Felipe Motta,330 Ml,0.33000,917778
Tequila y complementos,1800,1800 Añejo,Felipe Motta,750 Ml,0.75000,946776
Vinos,Torres,Torres Viña Sol,Swg,750 Ml,0.75000,965662
Ron y aguardiente,Abuelo,Abuelo Añejo,Varela Hermanos,1000 Ml,1.00000,13115068
Vinos,Gato Negro,Gato Negro,The Winery,750 Ml,0.75000,13132615
Tequila y complementos,1800,1800 Reposado,Felipe Motta,750 Ml,0.75000,8080447
Cervezas,Mythos,Mythos Hellenic Ice,Otros,330 Ml,0.33000,13167973
Whisky,Buchanans,Buchanans Master,Global Brands,750 Ml,0.75000,8123530
Vinos,Petret,Petret,Otros,750 Ml,0.75000,2033017
Cervezas,Estrella Damm,Estrella Damm Barcelona,Otros,330 Ml,0.33000,11722727
Cervezas,Leute Brokbier,Leute Brokbier,Otros,300 Ml,0.30000,13181650
Vinos,Doña Paula,Doña Paula Los Cardos,Swg,750 Ml,0.75000,2038971
Cervezas,Corona,Corona Extra,Cervecería Nacional,4260 Ml,4.26000,10835888
Cervezas,Miller Lite,Miller Lite,Feduro,355 Ml,0.35500,10658735
Vinos,Palo Alto,Palo Alto,Felipe Motta,750 Ml,0.75000,8184087
Tequila y complementos,Patron,Patron Citronge,Swg,750 Ml,0.75000,6817418
Cervezas,Balboa Ice,Balboa Ice,Cervecería Nacional,4260 Ml,4.26000,11727243
Cervezas,Clandestina,Clandestina Ley Seca,Otros,355 Ml,0.35500,12814088
Whisky,Old Parr,Old Parr,Global Brands,1000 Ml,1.00000,12813995
Cervezas,Moller Light,Moller Light,Otros,1980 Ml,1.98000,12814084
Whisky,Johnnie Walker,Johnnie Walker Black Label,Global Brands,1000 Ml,1.00000,12814305
Whisky,Old Parr,Old Parr,Global Brands,750 Ml,0.75000,12814318
Cervezas,Bavaria Holland,Bavaria Holland,Otros,330 Ml,0.33000,12816874
Cervezas,Trooper,Trooper,Otros,500 Ml,0.50000,12816534
Ron y aguardiente,Flor De Caña,Flor De Caña Gran Reserva,Otros,750 Ml,0.75000,12816806
Ron y aguardiente,Carta Vieja,Carta Vieja Añejo,Global Brands,750 Ml,0.75000,12816902
Cervezas,Miller Lite,Miller Lite,Feduro,296 Ml,0.29600,12605951
Vodka,Skyy,Skyy,Swg,750 Ml,0.75000,991784
Vodka,Stanislav,Stanislav,Varela Hermanos,750 Ml,0.75000,6999705
Cervezas,Fula,Fula,Otros,355 Ml,0.35500,12855916
Vinos,Kendall Jackson,Kendall Jackson,Otros,750 Ml,0.75000,11795491
Vinos,Barefoot,Barefoot,Varela Hermanos,187 Ml,0.18700,9613569
Cervezas,Budweiser,Budweiser,Cervecería Nacional,2130 Ml,2.13000,2009378
Cervezas,Moller Light,Moller Light,Otros,330 Ml,0.33000,12813552
Ron y aguardiente,Antioqueño,Antioqueño,Global Brands,1000 Ml,1.00000,12814157
Ron y aguardiente,Bacardi,Bacardi Añejo,Felipe Motta,750 Ml,0.75000,12814140
Cervezas,Holland Import,Holland Import,Otros,7920 Ml,7.92000,10715547
Vinos,Clos De Pirque,Clos De Pirque,Felipe Motta,2000 Ml,2.00000,10278638
Cervezas,Becks,Becks Non Alcoholic,Felipe Motta,330 Ml,0.33000,10278061
Ron y aguardiente,Ron Duran,Ron Duran,Otros,750 Ml,0.75000,11667973
Cervezas,Heineken,Heineken,Heineken Panamá,330 Ml,0.33000,6815594
Cervezas,Leffe,Leffe Blonde,Felipe Motta,330 Ml,0.33000,12816307
Ron y aguardiente,Bacardi,Bacardi Carta Oro,Felipe Motta,980 Ml,0.98000,12816354
Cervezas,Oranjeboom,Oranjeboom Super Strong 12,Otros,500 Ml,0.50000,12816350
Tequila y complementos,Sauza,Sauza Hornitos,Vinos y Licores,750 Ml,0.75000,12914846
Whisky,Old Parr,Old Parr,Global Brands,750 Ml,0.75000,12028061
Whisky,Johnnie Walker,Johnnie Walker Double Black,Global Brands,750 Ml,0.75000,6424600
Cervezas,Fula,Fula,Otros,355 Ml,0.35500,12118939
Cervezas,Flensburger,Flensburger,Otros,330 Ml,0.33000,10423591
Tequila y complementos,1800,1800 Reposado,Felipe Motta,750 Ml,0.75000,12816864
Ron y aguardiente,Brugal,Brugal Añejo Superior,Otros,750 Ml,0.75000,12816838
Cervezas,Modelo Especial,Modelo Especial,Cervecería Nacional,355 Ml,0.35500,12495562
Cervezas,Blue Moon,Blue Moon,Feduro,355 Ml,0.35500,10425294
Cervezas,Flensburger,Flensburger,Otros,330 Ml,0.33000,9566664
Cervezas,Coors Light,Coors Light,Feduro,295 Ml,0.29500,11425327
Ron y aguardiente,Antioqueño,Antioqueño,Global Brands,1000 Ml,1.00000,7078910
Cervezas,Budweiser,Budweiser,Cervecería Nacional,2844 Ml,2.84400,12813556
Cervezas,Balboa Ice,Balboa Ice,Cervecería Nacional,355 Ml,0.35500,12813548
Cervezas,Blue Moon,Blue Moon,Feduro,355 Ml,0.35500,12814050
Vinos,Riunite,Riunite Rosato,Varela Hermanos,187 Ml,0.18700,12841692
Cervezas,Grimbergen,Grimbergen Blonde,Otros,330 Ml,0.33000,12959883
Cervezas,Kronenbourg 1664,Kronenbourg 1664,Otros,330 Ml,0.33000,12961185
Vinos,Castillo De Sabinar,Castillo De Sabinar,Otros,750 Ml,0.75000,13148115
Vinos,Robert Mondavi,Robert Mondavi Private Selection,Felipe Motta,750 Ml,0.75000,869533
Whisky,Johnnie Walker,Johnnie Walker Red Label,Global Brands,750 Ml,0.75000,669146
Cervezas,Coors Light,Coors Light,Feduro,355 Ml,0.35500,544765
Vinos,Frontera,Frontera,Felipe Motta,750 Ml,0.75000,620315
Ron y aguardiente,Antioqueño,Antioqueño,Global Brands,700 Ml,0.70000,7934114
Vinos,Santa Rita,Santa Rita Reserva,Swg,750 Ml,0.75000,882661
Cervezas,Moller Light,Moller Light,Otros,330 Ml,0.33000,12716113
Ron y aguardiente,Carta Vieja,Carta Vieja Claro,Global Brands,375 Ml,0.37500,498777
Ron y aguardiente,Carta Vieja,Carta Vieja Extra Claro,Global Brands,1750 Ml,1.75000,498785
Vinos,Familia Gascon,Familia Gascon,Varela Hermanos,750 Ml,0.75000,10424848
Vinos,Viña Maipo,Viña Maipo Dulzino,Global Brands,750 Ml,0.75000,10424864
Vinos,Ventisquero,Ventisquero Queulat,Otros,750 Ml,0.75000,10424900
Vinos,Marques De Caceres,Marques De Caceres,Swg,750 Ml,0.75000,721968
Vinos,Marques De Riscal,Marques De Riscal,Felipe Motta,750 Ml,0.75000,721960
Cervezas,Miller Lite,Miller Lite,Feduro,355 Ml,0.35500,11775915
Cervezas,Miller Ultra,Miller Ultra,Feduro,355 Ml,0.35500,13103293
Vinos,Lancers,Lancers,Felipe Motta,750 Ml,0.75000,10554413
Cervezas,Balboa Ice,Balboa Ice,Cervecería Nacional,355 Ml,0.35500,8124849
Ron y aguardiente,Antioqueño,Antioqueño,Global Brands,750 Ml,0.75000,396636
Whisky,Buchanans,Buchanans Deluxe,Global Brands,750 Ml,0.75000,464649
Cervezas,Bavaria Holland,Bavaria Holland Sin Alcohol,Otros,330 Ml,0.33000,13132409
Vinos,Gato Negro,Gato Negro,The Winery,750 Ml,0.75000,13132473
Ron y aguardiente,Carta Vieja,Carta Vieja Claro,Global Brands,1000 Ml,1.00000,498782
Cervezas,Schöfferhofer,Schöfferhofer,Otros,330 Ml,0.33000,13148438
Ginebra,Tanqueray,Tanqueray,Global Brands,750 Ml,0.75000,12814011
Cervezas,River Down Ale,River Down Ale,Otros,355 Ml,0.35500,12816348
Cervezas,Chivoperro,Chivoperro,Otros,355 Ml,0.35500,12816340
Vinos,Undurraga Lazo,Undurraga Lazo,Otros,750 Ml,0.75000,691468
Whisky,Chivas Regal,Chivas Regal,Swg,750 Ml,0.75000,518131
Cervezas,Leffe,Leffe Brune,Felipe Motta,330 Ml,0.33000,2079378
Vinos,Beringer,Beringer Main & Wine,Felipe Motta,750 Ml,0.75000,617901
Ginebra,Caballito,Caballito,Varela Hermanos,750 Ml,0.75000,627790
Vinos,Riunite,Riunite,Varela Hermanos,187 Ml,0.18700,12838567
Cervezas,Guinness,Guinness Extra Stout,Heineken Panamá,355 Ml,0.35500,6515762
Vinos,Morande,Morande Pionero,Otros,750 Ml,0.75000,6641150
Vinos,Norton,Norton Coleccion Varietal,Otros,750 Ml,0.75000,771934
Cervezas,Miller Lite,Miller Lite,Feduro,300 Ml,0.30000,12914461
Vinos,Clos De Pirque,Clos De Pirque,Felipe Motta,1000 Ml,1.00000,947760
Cervezas,Stella Artois,Stella Artois,Felipe Motta,750 Ml,0.75000,12606415
Whisky,Chanceler,Chanceler,Otros,1000 Ml,1.00000,994749
Vinos,Glorioso,Glorioso Reserva,Felipe Motta,750 Ml,0.75000,631360
Cervezas,Erdinger,Erdinger Dunkel,Otros,500 Ml,0.50000,590909
Cervezas,Oranjeboom,Oranjeboom Ultra Strong 14,Otros,500 Ml,0.50000,9916631
Whisky,King Of Queens,King Of Queens,Swg,1000 Ml,1.00000,7080454
Whisky,Jack Daniels,Jack Daniels Black,Global Brands,750 Ml,0.75000,10278672
Cervezas,Coronita Extra,Coronita Extra,Cervecería Nacional,210 Ml,0.21000,10278664
Vinos,Robert Mondavi,Robert Mondavi Private Selection,Felipe Motta,750 Ml,0.75000,869532
Vinos,Osborne,Osborne,Otros,750 Ml,0.75000,6431766
Whisky,Johnnie Walker,Johnnie Walker Gold Label Reserve,Global Brands,750 Ml,0.75000,2049706
Cervezas,Dos Equis X X,Dos Equis X X Lager Especial,Otros,355 Ml,0.35500,10424660
Ron y aguardiente,Cristal,Cristal,Otros,750 Ml,0.75000,11759351
Cervezas,Clandestina,Clandestina Nomada,Otros,355 Ml,0.35500,12891995
Vinos,Doña Paula,Doña Paula Los Cardos,Swg,750 Ml,0.75000,6515727
Cervezas,Heineken,Heineken,Heineken Panamá,1980 Ml,1.98000,6515765
Vinos,Yellow Tail,Yellow Tail,Varela Hermanos,750 Ml,0.75000,1000039
Vinos,Yellow Tail,Yellow Tail,Varela Hermanos,750 Ml,0.75000,1000031
Ron y aguardiente,Flor De Caña,Flor De Caña Plata Lite,Otros,1000 Ml,1.00000,12914756
Cervezas,Belgian Kriek,Belgian Kriek,Otros,330 Ml,0.33000,12914259
Cervezas,Soberana,Soberana,Heineken Panamá,285 Ml,0.28500,12929447
Vinos,Santa Rita,Santa Rita 3 Medallas,Swg,750 Ml,0.75000,11867428
Ron y aguardiente,Myerss,Myerss Original,Global Brands,750 Ml,0.75000,12960137
Cervezas,Moller Light,Moller Light,Otros,330 Ml,0.33000,12617369
Cervezas,Miller Lite,Miller Lite,Feduro,7200 Ml,7.20000,12617802
Cervezas,Saint Archer,Saint Archer Gold,Feduro,4260 Ml,4.26000,12976039
Cervezas,Moller,Molller,Otros,3960 Ml,3.96000,12618550
Vodka,Smirnoff,Smirnoff Twist,Global Brands,750 Ml,0.75000,6431907
Vinos,Pasqua,Pasqua,Otros,750 Ml,0.75000,6431768
Vinos,Barefoot,Barefoot,Varela Hermanos,750 Ml,0.75000,11286858
Vinos,Casillero Del Diablo,Casillero Del Diablo Devils Collection,Felipe Motta,750 Ml,0.75000,10710340
Whisky,Chivas Regal,Chivas Regal Gold Signature,Swg,750 Ml,0.75000,518126
Vinos,Trapiche,Trapiche Varietales,Felipe Motta,750 Ml,0.75000,968473
Vinos,Barefoot,Barefoot,Varela Hermanos,750 Ml,0.75000,9612827
Cervezas,Balboa Ice,Balboa Ice,Cervecería Nacional,4260 Ml,4.26000,10862666
Vinos,Torres,Torres Viña Sol,Swg,750 Ml,0.75000,990832
Cervezas,Hofbrau,Hofbrau Oktoberfest,Otros,330 Ml,0.33000,13168317
Ginebra,Gordons,Gordons,Otros,750 Ml,0.75000,12816298
Ron y aguardiente,Zacapa,Zacapa Gran Reserva,Swg,750 Ml,0.75000,12816380
Ginebra,Beefeater,Beefeater,Swg,750 Ml,0.75000,12816485
Cervezas,Panama,Panama,Heineken Panamá,6840 Ml,6.84000,12816493
Cervezas,Becks,Becks,Felipe Motta,330 Ml,0.33000,2013732
Cervezas,Atlas Golden Light,Atlas Golden Light,Cervecería Nacional,6840 Ml,6.84000,9695218
Cervezas,La Trappe,La Trappe Blond,Otros,330 Ml,0.33000,2042028
Whisky,Johnnie Walker,Johnnie Walker Black Label,Global Brands,1000 Ml,1.00000,9719364
Cervezas,La Murga,La Murga Apasionada,Otros,355 Ml,0.35500,12907893
Ron y aguardiente,Abuelo,Abuelo Añejo,Varela Hermanos,750 Ml,0.75000,12935167
Vinos,Marques De Riscal,Marques De Riscal,Felipe Motta,750 Ml,0.75000,10278683
Vinos,Casillero Del Diablo,Casillero del Diablo Reserva,Felipe Motta,750 Ml,0.75000,8184629
Vinos,Apothic,Apothic Red,Varela Hermanos,750 Ml,0.75000,13172850
Vinos,Costa Azul,Costa Azul,Otros,750 Ml,0.75000,11810463
Vinos,Undurraga Lazo,Undurraga Lazo,Otros,750 Ml,0.75000,691547
Ron y aguardiente,Bacardi,Bacardi Gran Añejo,Felipe Motta,750 Ml,0.75000,10531382
Vinos,Portales,Portales,Otros,750 Ml,0.75000,11338637
Whisky,Old Parr,Old Parr,Global Brands,750 Ml,0.75000,12581691
Ron y aguardiente,Ron Duran,Ron Duran,Otros,750 Ml,0.75000,12045828
Vinos,Casillero Del Diablo,Casillero Del Diablo Devils Collection,Felipe Motta,750 Ml,0.75000,10710400
Vinos,Riunite,Riunite,Varela Hermanos,187 Ml,0.18700,6431836
Vinos,Jp Chenet,Jp Chenet,Varela Hermanos,700 Ml,0.70000,8185091
Cervezas,Corona Ligera,Corona Ligera,Cervecería Nacional,355 Ml,0.35500,12739537
Vinos,Bellagio Chianti,Bellagio Chianti,Felipe Motta,750 Ml,0.75000,421149
Cervezas,Presidente,Presidente,Cervecería Nacional,355 Ml,0.35500,12813993
Tequila y complementos,Jose Cuervo,Jose Cuervo Especial,Felipe Motta,750 Ml,0.75000,12814118
Ron y aguardiente,Bacardi,Bacardi Carta Blanca,Felipe Motta,1750 Ml,1.75000,12816911
Cervezas,Fula,Fula,Otros,355 Ml,0.35500,12814173
Ron y aguardiente,Botran,Botran Añejo,Swg,750 Ml,0.75000,12814181
Vinos,Riunite,Riunite Bianco,Varela Hermanos,1500 Ml,1.50000,12838931
Vinos,Errazuriz,Errazuriz,Varela Hermanos,750 Ml,0.75000,10605739
Ron y aguardiente,Viejo De Caldas,Viejo De Caldas,Otros,750 Ml,0.75000,11713217
Vinos,Navarro Correas,Navarro Correas Coleccion Privada,Global Brands,750 Ml,0.75000,9542716
Cervezas,Benediktiner,Benediktiner Hell,Otros,500 Ml,0.50000,12691991
Cervezas,Atlas,Atlas,Cervecería Nacional,355 Ml,0.35500,10658899
Vinos,Frontera,Frontera,Felipe Motta,750 Ml,0.75000,10863043
Cervezas,Guachiman,Guachiman,Otros,355 Ml,0.35500,12691876
Ron y aguardiente,Colonial,Colonial Reserva Especial,Swg,700 Ml,0.70000,10914912
Cervezas,Soberana,Soberana,Heineken Panamá,6840 Ml,6.84000,6640523
Tequila y complementos,Jose Cuervo,Jose Cuervo Especial,Felipe Motta,375 Ml,0.37500,12816818
Cervezas,Heineken,Heineken,Heineken Panamá,250 Ml,0.25000,12814292
Cervezas,Tres Tristes Tigres,Tres Tristes Tigres,Otros,355 Ml,0.35500,12814328
Whisky,Something Special,Something Special,Swg,750 Ml,0.75000,12816371
Brandy,Lafayette,Lafayette,Varela Hermanos,750 Ml,0.75000,12814125
Vodka,Smirnoff,Smirnoff Twist,Global Brands,750 Ml,0.75000,12814121
Ron y aguardiente,Carta Vieja,Carta Vieja Claro,Global Brands,375 Ml,0.37500,12814262
Cervezas,Miller Ultra,Miller Ultra,Feduro,355 Ml,0.35500,12814257
Whisky,Chivas Regal,Chivas Regal,Swg,500 Ml,0.50000,12814330
Cervezas,Samuel Adams,Samuel Adams Boston Larger,Otros,355 Ml,0.35500,12814286
Cervezas,Coors Light,Coors Light,Feduro,355 Ml,0.35500,12814334
Cervezas,Panama Light,Panama Light,Heineken Panamá,6840 Ml,6.84000,12850353
Vinos,Pedregal,Pedregal,Otros,750 Ml,0.75000,6814953
Vodka,Gordons,Gordons,Otros,750 Ml,0.75000,6817824
Cervezas,Chivoperro,Chivoperro,Otros,355 Ml,0.35500,12856181
Ron y aguardiente,Antioqueño,Antioqueño,Global Brands,1000 Ml,1.00000,12816383
Cervezas,Corona,Corona Extra,Cervecería Nacional,4260 Ml,4.26000,12816373
Cervezas,Bitburger,Bitburger Sin Alcohol,Otros,330 Ml,0.33000,12914138
Ron y aguardiente,Abuelo,Abuelo Añejo,Varela Hermanos,375 Ml,0.37500,12935180
Ron y aguardiente,Bacardi,Bacardi Gran Reserva,Felipe Motta,750 Ml,0.75000,12935328
Ron y aguardiente,Abuelo,Abuelo Añejo,Varela Hermanos,1750 Ml,1.75000,12954336
Cervezas,Old Milwaukee,Old Milwaukee,Felipe Motta,355 Ml,0.35500,12960639
Ron y aguardiente,Zacapa,Zacapa Centenario,Swg,750 Ml,0.75000,12959978
Cervezas,Blue Moon,Blue Moon,Feduro,355 Ml,0.35500,12960106
Ron y aguardiente,Bacardi,Bacardi Gran Reserva,Felipe Motta,750 Ml,0.75000,409439
Ron y aguardiente,Bacardi,Bacardi Carta Blanca,Felipe Motta,375 Ml,0.37500,409495
Cervezas,Atlas Golden Light,Atlas Golden Light,Cervecería Nacional,1710 Ml,1.71000,13114992
Vinos,Santa Carolina,Santa Carolina,Global Brands,750 Ml,0.75000,12203028
Vinos,Santa Carolina,Santa Carolina,Global Brands,750 Ml,0.75000,12203046
Vodka,Smirnoff,Smirnoff Zero Sugar Infusions,Global Brands,750 Ml,0.75000,13141994
Vinos,Castillo De Sabinar,Castillo De Sabinar,Otros,750 Ml,0.75000,13145994
Vinos,Castillo De Sabinar,Castillo De Sabinar,Otros,750 Ml,0.75000,13145927
Vinos,Viñedos Del Litoral,Viñedos Del Litoral,Otros,1000 Ml,1.00000,13146008
Vinos,Frontera,Frontera,Felipe Motta,750 Ml,0.75000,620309
Ginebra,Gordons,Gordons,Otros,750 Ml,0.75000,632652
Vinos,Norton,Norton Coleccion Varietal,Otros,750 Ml,0.75000,10497096
Vodka,Putinka,Putinka Soft,Otros,750 Ml,0.75000,10504746
Cervezas,Miller Ultra,Miller Ultra,Feduro,355 Ml,0.35500,11386568
Cervezas,Old Milwaukee,Old Milwaukee,Felipe Motta,355 Ml,0.35500,10278111
Ron y aguardiente,Cortez,Cortez Oro,Varela Hermanos,750 Ml,0.75000,871796
Vodka,Stolichnaya,Stolichnaya,Otros,750 Ml,0.75000,10496418
Ron y aguardiente,Zacapa,Zacapa Gran Reserva,Swg,750 Ml,0.75000,10496571
Cervezas,Flensburger,Flensburger,Otros,330 Ml,0.33000,9566665
Cervezas,Budweiser,Budweiser,Cervecería Nacional,355 Ml,0.35500,2007374
Tequila y complementos,Arraigo,Arraigo Blanco,Otros,750 Ml,0.75000,2038005
Whisky,Old Parr,Old Parr,Global Brands,750 Ml,0.75000,775018
Cervezas,Old Milwaukee Light,Old Milwaukee Light,Felipe Motta,355 Ml,0.35500,774950
Vinos,Cepa Roja,Cepa Roja,Varela Hermanos,750 Ml,0.75000,776231
Vinos,Peñasol,Peñasol,Global Brands,1000 Ml,1.00000,809100
Vodka,Stolichnaya,Stolichnaya,Otros,1000 Ml,1.00000,10382567
Vinos,Protos,Protos Roble,Global Brands,750 Ml,0.75000,843559
Cervezas,Atlas Golden Light,Atlas Golden Light,Cervecería Nacional,355 Ml,0.35500,9625130
Vodka,Smirnoff,Smirnoff,Global Brands,750 Ml,0.75000,903841
Ron y aguardiente,Bacardi,Bacardi Carta Oro,Felipe Motta,980 Ml,0.98000,871725
Ron y aguardiente,Abuelo,Abuelo Añejo,Varela Hermanos,750 Ml,0.75000,871681
Ron y aguardiente,Cortez,Cortez Oro,Varela Hermanos,1750 Ml,1.75000,871793
Vinos,Sarmientos De Tarapaca,Sarmientos De Tarapaca,Otros,750 Ml,0.75000,939481
Vinos,Santa Carolina,Santa Carolina,Global Brands,750 Ml,0.75000,882533
Vinos,Portales,Portales,Otros,750 Ml,0.75000,10424482
Vodka,Smirnoff,Smirnoff Twist,Global Brands,750 Ml,0.75000,991764
Vodka,Stanislav,Stanislav,Varela Hermanos,375 Ml,0.37500,991789
Vinos,Clos De Pirque,Clos De Pirque,Felipe Motta,1000 Ml,1.00000,947761
Ginebra,Beefeater,Beefeater,Swg,750 Ml,0.75000,420903
Vinos,Jp Chenet,Jp Chenet,Varela Hermanos,700 Ml,0.70000,8183688
Cervezas,Stella Artois,Stella Artois,Felipe Motta,330 Ml,0.33000,10650760
Ron y aguardiente,Botran,Botran Oro,Swg,750 Ml,0.75000,450584
Vinos,Bellagio Chianti,Bellagio Chianti,Felipe Motta,750 Ml,0.75000,421152
Vinos,Torres,Torres Viña Brava,Swg,750 Ml,0.75000,2041675
Vinos,Barefoot,Barefoot,Varela Hermanos,750 Ml,0.75000,2046252
Vodka,Absolut,Absolut,Swg,750 Ml,0.75000,11674778
Cervezas,Old Milwaukee,Old Milwaukee,Felipe Motta,473 Ml,0.47300,10278112
Vinos,Casillero Del Diablo,Casillero del Diablo Reserva,Felipe Motta,750 Ml,0.75000,503012
Cervezas,Erdinger,Erdinger Weissbier,Otros,500 Ml,0.50000,590911
Tequila y complementos,Sierra,Sierra,Otros,700 Ml,0.70000,6871642
Vodka,Finlandia,Finlandia,Otros,750 Ml,0.75000,10278142
Cervezas,Estrella Damm,Estrella Damm Barcelona,Otros,330 Ml,0.33000,597687
Vinos,Septima,Septima Gran Reserva,Felipe Motta,750 Ml,0.75000,635100
Ron y aguardiente,Bacardi,Bacardi Carta Blanca,Felipe Motta,750 Ml,0.75000,10278571
Vinos,Clos De Pirque,Clos De Pirque,Felipe Motta,1000 Ml,1.00000,10278637
Ginebra,Caballito,Caballito,Varela Hermanos,1000 Ml,1.00000,627793
Vinos,Fuzion,Fuzion,Importadora Canavaggio,750 Ml,0.75000,621969
Cervezas,Panama,Panama,Heineken Panamá,6840 Ml,6.84000,6640504
Vinos,Undurraga Lazo,Undurraga Lazo,Otros,750 Ml,0.75000,691552
Cervezas,Budweiser,Budweiser,Cervecería Nacional,237 Ml,0.23700,12181676
Vinos,Torres,Torres Celeste,Swg,750 Ml,0.75000,9561998
Whisky,Old Parr,Old Parr,Global Brands,750 Ml,0.75000,12707632
Cervezas,Ballast Point,Ballast Point Longfin Lager,Otros,355 Ml,0.35500,12716061
Vinos,Riunite,Riunite,Varela Hermanos,1500 Ml,1.50000,12946988
Cervezas,Moritz,Moritz,Otros,330 Ml,0.33000,13142171
Cervezas,Paulaner,Paulaner Hefe Weissbier,Global Brands,500 Ml,0.50000,12960650
Whisky,Old Parr,Old Parr,Global Brands,750 Ml,0.75000,12869894
Cervezas,Estrella Damm,Estrella Damm Sin Alcohol,Otros,330 Ml,0.33000,12798553
Whisky,The Macallan,The Macallan Fine Oak,Otros,750 Ml,0.75000,10625059
Cervezas,Grimbergen,Grimbergen Blanche,Otros,330 Ml,0.33000,12961041
Cervezas,Paulaner,Paulaner Naturtrub,Global Brands,500 Ml,0.50000,12961203
Tequila y complementos,Jose Cuervo,Jose Cuervo Especial,Felipe Motta,1000 Ml,1.00000,12813553
Whisky,Chivas Regal,Chivas Regal,Swg,750 Ml,0.75000,12814142
Cervezas,Flensburger,Flensburger,Otros,330 Ml,0.33000,12814167
Cervezas,Miller Mgd,Miller Mgd,Feduro,355 Ml,0.35500,12814246
Vodka,Belvedere,Belvedere,Global Brands,750 Ml,0.75000,12826779
Ron y aguardiente,Canalero,Canalero Añejo,Otros,1750 Ml,1.75000,10424492
Cervezas,Soberana,Soberana,Heineken Panamá,4260 Ml,4.26000,12680290
Vinos,Gato Negro,Gato Negro,The Winery,750 Ml,0.75000,10424861
Vinos,Viña Maipo,Viña Maipo Dulzino,Global Brands,750 Ml,0.75000,10424865
Vinos,Don Simon,Don Simon,Otros,750 Ml,0.75000,13184102
Vinos,Jp Chenet,Jp Chenet,Varela Hermanos,750 Ml,0.75000,12697091
Cervezas,Czechvar,Czechvar,Otros,330 Ml,0.33000,12695669
Ron y aguardiente,Flor De Caña,Flor De Caña Spresso,Otros,750 Ml,0.75000,11659655
Vodka,Absolut,Absolut,Swg,1750 Ml,1.75000,379422
Cervezas,Old Milwaukee Light,Old Milwaukee Light,Felipe Motta,355 Ml,0.35500,12814276
Cervezas,Budweiser,Budweiser,Cervecería Nacional,473 Ml,0.47300,12814315
Ron y aguardiente,Antioqueño,Antioqueño,Global Brands,750 Ml,0.75000,12816646
Ron y aguardiente,Blanco Del Valle,Blanco Del Valle,Otros,750 Ml,0.75000,12814058
Cervezas,Cusqueña,Cusqueña Golden Lager,Otros,330 Ml,0.33000,12816386
Cervezas,La Socarrada,La Socarrada,Otros,330 Ml,0.33000,12823444
Vinos,Riunite,Riunite Rosato,Varela Hermanos,750 Ml,0.75000,12841337
Cervezas,Balboa,Balboa,Cervecería Nacional,355 Ml,0.35500,410737
Ron y aguardiente,Barcelo,Barcelo Añejo,Swg,750 Ml,0.75000,414838
Cervezas,Atlas Golden Light,Atlas Golden Light,Cervecería Nacional,285 Ml,0.28500,12863972
Cervezas,Clandestina,Clandestina Guerra Fria,Otros,355 Ml,0.35500,12892480
Cervezas,Atlas Golden Light,Atlas Golden Light,Cervecería Nacional,4260 Ml,4.26000,11859060
Vinos,Santa Rita,Santa Rita 3 Medallas,Swg,750 Ml,0.75000,11859022
Vodka,Grey Goose,Grey Goose,Felipe Motta,750 Ml,0.75000,12907195
Cervezas,La Murga,La Murga Atrevida,Otros,355 Ml,0.35500,12907970
Cervezas,Petrus,Petrus Aged Red,Otros,330 Ml,0.33000,12914134
Ron y aguardiente,Bortons,Bortons,Otros,750 Ml,0.75000,12920809
Vinos,Riunite,Riunite Rosato,Varela Hermanos,1500 Ml,1.50000,12946968
Vinos,Two Oceans,Two Oceans,Otros,750 Ml,0.75000,819055
Cervezas,Mahou,Mahou Cinco Estrellas,Otros,330 Ml,0.33000,12954891
Ron y aguardiente,Abuelo,Abuelo Centuria,Varela Hermanos,750 Ml,0.75000,871690
Vinos,Santa Carolina,Santa Carolina,Global Brands,750 Ml,0.75000,13108123
Cervezas,Holland Import,Holland Import,Otros,330 Ml,0.33000,12125133
Cervezas,Tres Tristes Tigres,Tres Tristes Tigres,Otros,355 Ml,0.35500,12119548
Vinos,Viñedos Del Litoral,Viñedos Del Litoral,Otros,1000 Ml,1.00000,13147999
Ron y aguardiente,Carta Vieja,Carta Vieja Añejo,Global Brands,750 Ml,0.75000,498772
Vinos,Casillero Del Diablo,Casillero del Diablo Reserva,Felipe Motta,750 Ml,0.75000,503027
Vinos,Santa Rita,Santa Rita 120 Reserva Especial,Swg,750 Ml,0.75000,916720
Vinos,Torres,Torres Coronas,Swg,750 Ml,0.75000,965647
Vinos,Trivento,Trivento Mixtus,Felipe Motta,750 Ml,0.75000,970353
Vinos,Trivento,Trivento Tribu,Felipe Motta,750 Ml,0.75000,970357
Cervezas,Erdinger,Erdinger Sin Alcohol,Otros,330 Ml,0.33000,590908
Vinos,Beringer,Beringer Founders Estate,Felipe Motta,750 Ml,0.75000,617895
Cervezas,Pilsener,Pilsener,Otros,330 Ml,0.33000,12529756
Whisky,Johnnie Walker,Johnnie Walker Black Label,Global Brands,850 Ml,0.85000,12605639
Cervezas,Stella Artois,Stella Artois,Felipe Motta,4260 Ml,4.26000,12626863
Whisky,Black & White,Black & White,Global Brands,750 Ml,0.75000,11976528
Cervezas,Miller Lite,Miller Lite,Feduro,355 Ml,0.35500,12113323
Vinos,Casillero Del Diablo,Casillero Del Diablo Reserva Privada,Felipe Motta,750 Ml,0.75000,8184628
Vinos,Undurraga Lazo,Undurraga Lazo,Otros,750 Ml,0.75000,12274652
Cervezas,Estrella Galicia,Estrella Galicia,Otros,330 Ml,0.33000,10278684
Ron y aguardiente,Botran,Botran Reserva,Swg,750 Ml,0.75000,9909555
Ron y aguardiente,Flor De Caña,Flor De Caña Extra Seco,Otros,1000 Ml,1.00000,12618789
Vinos,Navarro Correas,Navarro Correas Coleccion Privada,Global Brands,750 Ml,0.75000,10497094
Ron y aguardiente,Cristal,Cristal,Otros,750 Ml,0.75000,6613968
Vinos,Santa Rita,Santa Rita 120 Reserva Especial,Swg,750 Ml,0.75000,12626512
Vinos,Trapiche,Trapiche Astica Torretes,Felipe Motta,750 Ml,0.75000,405354
Cervezas,Bavaria Holland,Bavaria Holland,Otros,330 Ml,0.33000,419233
Vinos,B&g,B&g Reserve,Global Brands,750 Ml,0.75000,423198
Vinos,Cecchi,Cecchi,Varela Hermanos,750 Ml,0.75000,10606927
Vinos,Errazuriz,Errazuriz,Varela Hermanos,750 Ml,0.75000,10606919
Cervezas,Corona,Corona Extra,Cervecería Nacional,355 Ml,0.35500,12716016
Cervezas,Miller Mgd,Miller Mgd,Feduro,355 Ml,0.35500,12816305
Cervezas,Coors Light,Coors Light,Feduro,355 Ml,0.35500,544768
Vinos,Carlo Rossi,Carlo Rossi California Red,Varela Hermanos,750 Ml,0.75000,555444
Cervezas,Michelob Ultra,Michelob Ultra,Cervecería Nacional,355 Ml,0.35500,12839089
Whisky,Old Parr,Old Parr Tribute,Global Brands,750 Ml,0.75000,12841915
Vinos,Fuzion,Fuzion,Importadora Canavaggio,750 Ml,0.75000,621970
Cervezas,Corona,Corona Extra,Cervecería Nacional,355 Ml,0.35500,10898681
Cervezas,Czechvar,Czechvar,Otros,330 Ml,0.33000,12892449
Cervezas,Stella Artois,Stella Artois,Felipe Motta,330 Ml,0.33000,12813990
Cervezas,Estrella Damm,Estrella Damm Inedit,Otros,330 Ml,0.33000,12814079
Cervezas,Becks,Becks,Felipe Motta,275 Ml,0.27500,12814224
Ron y aguardiente,Bacardi,Bacardi Carta Oro,Felipe Motta,750 Ml,0.75000,12814178
Ron y aguardiente,Antioqueño,Antioqueño,Global Brands,750 Ml,0.75000,12814282
Ron y aguardiente,Canalero,Canalero Añejo,Otros,750 Ml,0.75000,10424493
Vodka,Tanqueray,Tanqueray Sterling,Global Brands,750 Ml,0.75000,12823432
Ron y aguardiente,Ron Plata,Ron Plata Especial,Otros,1000 Ml,1.00000,12908139
Vinos,Gato Negro,Gato Negro,The Winery,750 Ml,0.75000,10424862
Whisky,The Macallan,The Macallan Fine Oak,Otros,750 Ml,0.75000,12816896
Cervezas,Bavaria Holland,Bavaria Holland Sin Alcohol,Otros,250 Ml,0.25000,12816833
Ron y aguardiente,Flor De Caña,Flor De Caña Spresso,Otros,750 Ml,0.75000,12816901
Cervezas,Chitra,Chitra,Otros,355 Ml,0.35500,12856193
Cervezas,Erdinger,Erdinger Pikantus,Otros,500 Ml,0.50000,12961492
Vinos,Peñasol,Peñasol,Global Brands,1000 Ml,1.00000,809097
Vinos,Frontera,Frontera,Felipe Motta,750 Ml,0.75000,10505299
Cervezas,Miller Mgd,Miller Mgd,Feduro,2130 Ml,2.13000,12915503
Vinos,Riunite,Riunite Bianco,Varela Hermanos,1500 Ml,1.50000,869276
Vinos,Riunite,Riunite,Varela Hermanos,1500 Ml,1.50000,869296
Vinos,Riunite,Riunite Rosato,Varela Hermanos,187 Ml,0.18700,869312
Vinos,Rosemount,Rosemount,Felipe Motta,750 Ml,0.75000,872799
Ron y aguardiente,Bacardi,Bacardi Carta Blanca,Felipe Motta,1000 Ml,1.00000,871724
Whisky,Buchanans,Buchanans Deluxe,Global Brands,750 Ml,0.75000,13085662
Vodka,Smirnoff,Smirnoff,Global Brands,375 Ml,0.37500,903842
Cervezas,Blue Moon,Blue Moon,Feduro,5325 Ml,5.32500,12968273
Cervezas,Old Milwaukee Light,Old Milwaukee Light,Felipe Motta,355 Ml,0.35500,12962263
Vinos,Castillo De Sabinar,Castillo De Sabinar,Otros,750 Ml,0.75000,13148100
Vinos,Alamos,Alamos,Global Brands,750 Ml,0.75000,13168297
Vinos,Sol De Chile,Sol De Chile,Otros,750 Ml,0.75000,13153600
Vinos,Catena,Catena,Vinos y Licores,750 Ml,0.75000,13172692
Vinos,Petret,Petret,Otros,750 Ml,0.75000,2033018
Tequila y complementos,Sauza,Sauza Gold,Vinos y Licores,750 Ml,0.75000,2037748
Vinos,Gran Lomo,Gran Lomo,Felipe Motta,750 Ml,0.75000,10835917
Cervezas,Atlas Golden Light,Atlas Golden Light,Cervecería Nacional,8520 Ml,8.52000,10857979
Cervezas,Chitra,Chitra,Otros,355 Ml,0.35500,12126078
Vinos,Ventisquero,Ventisquero Clasico,Otros,750 Ml,0.75000,2101750
Cervezas,Moller,Moller,Otros,330 Ml,0.33000,12799596
Ginebra,Bulldog,Bulldog,Swg,750 Ml,0.75000,12816819
Tequila y complementos,Jose Cuervo,Jose Cuervo Especial,Felipe Motta,1000 Ml,1.00000,6765619
Whisky,Johnnie Walker,Johnnie Walker Black Label,Global Brands,850 Ml,0.85000,12816341
Whisky,Johnnie Walker,Johnnie Walker Red Label,Global Brands,1750 Ml,1.75000,11383580
Cervezas,Mahou,Mahou Sin Alcohol,Otros,250 Ml,0.25000,12977106
Whisky,Jack Daniels,Jack Daniels Gentleman Jack,Global Brands,750 Ml,0.75000,10278671
Cervezas,Hofbrau,Hofbrau Original,Otros,330 Ml,0.33000,8107310
Cervezas,Veranera,Veranera,Otros,355 Ml,0.35500,12814080
Cervezas,La Rana Dorada,La Rana Dorada Blanche,Otros,355 Ml,0.35500,12814150
Cervezas,Coronita Extra,Coronita Extra,Cervecería Nacional,2520 Ml,2.52000,11849820
Vinos,Undurraga,Undurraga,Varela Hermanos,750 Ml,0.75000,8184330
Vinos,Pasqua,Pasqua,Otros,750 Ml,0.75000,6431765
Cervezas,Dab,Dab Original,Otros,330 Ml,0.33000,13148361
Ron y aguardiente,Viejo De Caldas,Viejo De Caldas,Otros,750 Ml,0.75000,11783096
Vinos,Clos De Pirque,Clos De Pirque,Felipe Motta,2000 Ml,2.00000,11878163
Cervezas,Atlas Golden Light,Atlas Golden Light,Cervecería Nacional,355 Ml,0.35500,12813546
Cervezas,Panama Light,Panama Light,Heineken Panamá,4260 Ml,4.26000,12909105
Tequila y complementos,Jose Cuervo,Jose Cuervo Especial,Felipe Motta,750 Ml,0.75000,560753
Cervezas,Dos Equis X X,Dos Equis X X Lager Especial,Otros,355 Ml,0.35500,12816309
Cervezas,Czechvar,Czechvar,Otros,330 Ml,0.33000,12816530
Cognac,Hennessy,Hennessy Vsop,Global Brands,700 Ml,0.70000,12856007
Whisky,Old Parr,Old Parr 18,Global Brands,750 Ml,0.75000,12606229
Whisky,Buchanans,Buchanans Deluxe,Global Brands,750 Ml,0.75000,12816851
Vodka,Absolut,Absolut,Swg,750 Ml,0.75000,12820899
Ron y aguardiente,Bacardi,Bacardi Carta Blanca,Felipe Motta,375 Ml,0.37500,12820882
Vinos,Morande,Morande Pionero,Otros,750 Ml,0.75000,2097458
Ron y aguardiente,Abuelo,Abuelo Añejo,Varela Hermanos,1000 Ml,1.00000,871671
Vinos,Trivento,Trivento Mixtus,Felipe Motta,750 Ml,0.75000,970350
Vodka,Smirnoff,Smirnoff Twist,Global Brands,750 Ml,0.75000,991782
Ron y aguardiente,Abuelo,Abuelo Añejo,Varela Hermanos,750 Ml,0.75000,12032713
Cervezas,Estrella Damm,Estrella Damm Sin Alcohol,Otros,330 Ml,0.33000,9543191
Cervezas,Grimbergen,Grimbergen Doble Ambar,Otros,330 Ml,0.33000,12959858
Vinos,Copa Del Rey,Copa Del Rey,Otros,750 Ml,0.75000,11961439
Vinos,Frontera,Frontera,Felipe Motta,750 Ml,0.75000,6931389
Cervezas,Ballast Point,Ballast Point Sculpin Ipa,Otros,355 Ml,0.35500,12692228
Vinos,Riunite,Riunite Bianco,Varela Hermanos,750 Ml,0.75000,12841456
Ron y aguardiente,Carta Vieja,Carta Vieja Añejo,Global Brands,750 Ml,0.75000,12814115
Whisky,Passport,Passport,Swg,700 Ml,0.70000,12814200
Whisky,Old Parr,Old Parr,Global Brands,750 Ml,0.75000,12823502
Cervezas,Corona,Corona Extra,Cervecería Nacional,4260 Ml,4.26000,12828456
Vinos,Riunite,Riunite D Oro,Varela Hermanos,750 Ml,0.75000,869300
Cervezas,Cusqueña,Cusqueña Trigo,Otros,330 Ml,0.33000,10871909
Whisky,Passport,Passport,Swg,700 Ml,0.70000,11680411
Cervezas,Hoegaarden,Hoegaarden,Felipe Motta,1980 Ml,1.98000,12961507
Cervezas,Clandestina,Clandestina Malek,Otros,355 Ml,0.35500,12694110
Vinos,Santa Rita,Santa Rita Reserva,Swg,750 Ml,0.75000,6431327
Vinos,Di Wine,Di Wine,Otros,750 Ml,0.75000,11961385
Ron y aguardiente,Antioqueño,Antioqueño,Global Brands,375 Ml,0.37500,396635
Cervezas,Moller Light,Moller Light,Otros,3960 Ml,3.96000,12800247
Cervezas,Soberana,Soberana,Heineken Panamá,355 Ml,0.35500,12813555
Whisky,Buchanans,Buchanans Select,Global Brands,750 Ml,0.75000,12816794
Cervezas,Ballast Point,Ballast Point Longfin Lager,Otros,355 Ml,0.35500,12816895
Cervezas,Negra Modelo,Negra Modelo,Cervecería Nacional,355 Ml,0.35500,12816845
Cervezas,Old Milwaukee,Old Milwaukee,Felipe Motta,355 Ml,0.35500,12814227
Cervezas,Becks,Becks Non Alcoholic,Felipe Motta,330 Ml,0.33000,12814209
Cervezas,Miller Mgd,Miller Mgd,Feduro,355 Ml,0.35500,12814240
Whisky,Black & White,Black & White,Global Brands,750 Ml,0.75000,12814185
Ron y aguardiente,Abuelo,Abuelo Añejo,Varela Hermanos,375 Ml,0.37500,12814252
Cervezas,Becks,Becks,Felipe Motta,1650 Ml,1.65000,12816382
Ron y aguardiente,Flor De Caña,Flor De Caña Gran Reserva,Otros,750 Ml,0.75000,612754
Vinos,Beringer,Beringer Founders Estate,Felipe Motta,750 Ml,0.75000,617900
Vinos,Santa Rita,Santa Rita 120 Reserva Especial,Swg,750 Ml,0.75000,882654
Cervezas,Bavaria Holland,Bavaria Holland Sin Alcohol,Otros,330 Ml,0.33000,419235
Cervezas,Modelo Especial,Modelo Especial,Cervecería Nacional,355 Ml,0.35500,12861864
Whisky,Chivas Regal,Chivas Regal,Swg,1000 Ml,1.00000,2039428
Ron y aguardiente,Medellin,Medellin Añejo,Otros,750 Ml,0.75000,726234
Cervezas,Bavaria Holland,Bavaria Holland Sin Alcohol,Otros,250 Ml,0.25000,10278717
Ron y aguardiente,Myerss,Myerss Original,Global Brands,750 Ml,0.75000,2042021
Vinos,Carlo Rossi,Carlo Rossi Frescato,Varela Hermanos,750 Ml,0.75000,872936
Vinos,Santa Rita,Santa Rita Reserva,Swg,750 Ml,0.75000,882659
Vinos,Santa Carolina,Santa Carolina,Global Brands,750 Ml,0.75000,882531
Vinos,Two Oceans,Two Oceans,Otros,750 Ml,0.75000,895361
Cervezas,Soberana,Soberana,Heineken Panamá,355 Ml,0.35500,904779
Vinos,Lindemans,Lindemans,Felipe Motta,750 Ml,0.75000,10373963
Tequila y complementos,Herradura,Herradura Añejo,Otros,750 Ml,0.75000,946794
Cervezas,Paulaner,Paulaner Dunkel,Global Brands,500 Ml,0.50000,12960698
Vinos,Marques De Caceres,Marques De Caceres,Swg,750 Ml,0.75000,721970
Ron y aguardiente,Malibu,Malibu,Swg,750 Ml,0.75000,11424653
Cervezas,Miller Mgd,Miller Mgd,Feduro,355 Ml,0.35500,735287
Vinos,Beringer,Beringer Main & Wine,Felipe Motta,750 Ml,0.75000,10278775
Cervezas,Corona,Corona Extra,Cervecería Nacional,355 Ml,0.35500,10278581
Whisky,Buchanans,Buchanans Special Reserve,Global Brands,750 Ml,0.75000,464647
Cervezas,Panama,Panama,Heineken Panamá,355 Ml,0.35500,785035
Vinos,Sarmientos De Tarapaca,Sarmientos De Tarapaca,Otros,750 Ml,0.75000,939480
Vinos,Marques De Caceres,Marques De Caceres,Swg,750 Ml,0.75000,9222281
Vinos,Riunite,Riunite,Varela Hermanos,1500 Ml,1.50000,869289
Ron y aguardiente,Abuelo,Abuelo Añejo,Varela Hermanos,750 Ml,0.75000,871629
Vinos,Two Oceans,Two Oceans,Otros,750 Ml,0.75000,883707
Vinos,Carlo Rossi,Carlo Rossi White,Varela Hermanos,1500 Ml,1.50000,6432190
Vinos,Santa Rita,Santa Rita 120 Reserva Especial,Swg,750 Ml,0.75000,916727
Vinos,Santa Rita,Santa Rita 120 Reserva Especial,Swg,750 Ml,0.75000,916723
Vodka,Stolichnaya,Stolichnaya Gold,Otros,750 Ml,0.75000,918351
Vinos,Clos De Pirque,Clos De Pirque,Felipe Motta,2000 Ml,2.00000,947758
Vinos,Santa Carolina,Santa Carolina,Global Brands,750 Ml,0.75000,13110976
Cervezas,Balboa,Balboa Dark,Cervecería Nacional,355 Ml,0.35500,10529380
Tequila y complementos,Los Corrales,Los Corrales Gold,Otros,750 Ml,0.75000,707085
Ron y aguardiente,Bacardi,Bacardi Oakheart,Felipe Motta,750 Ml,0.75000,10543607
Vinos,Lancers,Lancers,Felipe Motta,750 Ml,0.75000,10564905
Vinos,Marques De Riscal,Marques De Riscal,Felipe Motta,750 Ml,0.75000,721959
Ginebra,Tanqueray,Tanqueray,Global Brands,750 Ml,0.75000,2016179
Cervezas,Presidente,Presidente,Cervecería Nacional,355 Ml,0.35500,10809626
Vinos,Altosur,Altosur,Varela Hermanos,750 Ml,0.75000,10625820
Ron y aguardiente,Viejo De Caldas,Viejo De Caldas,Otros,750 Ml,0.75000,11745288
Vinos,Morande,Morande Pionero,Otros,750 Ml,0.75000,2112114
Vinos,Frontera,Frontera,Felipe Motta,750 Ml,0.75000,8184117
Vinos,Doña Paula,Doña Paula Estate,Swg,750 Ml,0.75000,6815050
Cervezas,Coronita Extra,Coronita Extra,Cervecería Nacional,210 Ml,0.21000,12798566
Cervezas,Soberana,Soberana,Heineken Panamá,4260 Ml,4.26000,12813991
Ron y aguardiente,Abuelo,Abuelo Añejo,Varela Hermanos,1750 Ml,1.75000,12814026
Cervezas,Miller Lite,Miller Lite,Feduro,296 Ml,0.29600,12814052
Cervezas,Budweiser,Budweiser,Cervecería Nacional,355 Ml,0.35500,12814056
Ron y aguardiente,Carta Vieja,Carta Vieja Claro,Global Brands,750 Ml,0.75000,12814103
Cervezas,Budweiser,Budweiser,Cervecería Nacional,355 Ml,0.35500,12814098
Ron y aguardiente,Bacardi,Bacardi Carta Blanca,Felipe Motta,750 Ml,0.75000,12814043
Cervezas,Oranjeboom,Oranjeboom Original,Otros,330 Ml,0.33000,12814000
Cervezas,Trio,Trio Extra Stout,Otros,330 Ml,0.33000,12814060
Cervezas,Bitburger,Bitburger Premium,Otros,330 Ml,0.33000,12814128
Cervezas,Estrella Galicia,Estrella Galicia,Otros,330 Ml,0.33000,12814278
Vodka,Stolichnaya,Stolichnaya,Otros,750 Ml,0.75000,12814309
Whisky,Johnnie Walker,Johnnie Walker Gold Label Reserve,Global Brands,750 Ml,0.75000,12816883
Cervezas,Leffe,Leffe Brune,Felipe Motta,330 Ml,0.33000,12816857
Vodka,Absolut,Absolut,Swg,1750 Ml,1.75000,12816538
Cervezas,Mythos,Mythos Hellenic Larger,Otros,330 Ml,0.33000,12816598
Vodka,Stanislav,Stanislav,Varela Hermanos,1750 Ml,1.75000,991788
Vinos,Riunite,Riunite D Oro,Varela Hermanos,3000 Ml,3.00000,12842533
Vinos,Barefoot,Barefoot,Varela Hermanos,750 Ml,0.75000,9612572
Ron y aguardiente,Viejo De Caldas,Viejo De Caldas,Otros,750 Ml,0.75000,12814149
Ron y aguardiente,Bacardi,Bacardi Carta Oro,Felipe Motta,750 Ml,0.75000,10278572
Whisky,Jack Daniels,Jack Daniels Tennessee Honey,Global Brands,750 Ml,0.75000,10278670
Ron y aguardiente,Zacapa,Zacapa Ambar,Swg,750 Ml,0.75000,11445671
Vinos,Trivento,Trivento Mixtus,Felipe Motta,750 Ml,0.75000,8009365
Cervezas,Moller Light,Moller Light,Otros,330 Ml,0.33000,12618173
Tequila y complementos,Milagro Tequila,Milagro Tequila Añejo,Otros,750 Ml,0.75000,8125301
Cervezas,Flensburger,Flensburger,Otros,330 Ml,0.33000,12823472
Whisky,Johnnie Walker,Johnnie Walker Black Label,Global Brands,750 Ml,0.75000,12816320
Whisky,Johnnie Walker,Johnnie Walker Red Label,Global Brands,750 Ml,0.75000,12816338
Vinos,Cousiño Macul,Cousiño Macul Don Luis,Swg,750 Ml,0.75000,6431324
Vinos,Don Angelo,Don Angelo,Otros,750 Ml,0.75000,10424830
Tequila y complementos,Patron,Patron,Swg,375 Ml,0.37500,9224095
Cervezas,Becks,Becks,Felipe Motta,275 Ml,0.27500,10175541
Vodka,Smirnoff,Smirnoff,Global Brands,375 Ml,0.37500,12814004
Cervezas,Balboa,Balboa,Cervecería Nacional,355 Ml,0.35500,12814055
Vinos,Riunite,Riunite,Varela Hermanos,750 Ml,0.75000,12841667
Whisky,Something Special,Something Special Premium,Swg,750 Ml,0.75000,13148381
Ron y aguardiente,Ron Duran,Ron Duran,Otros,750 Ml,0.75000,13161754
Whisky,Johnnie Walker,Johnnie Walker Black Label,Global Brands,750 Ml,0.75000,669138
Vinos,Frontera,Frontera,Felipe Motta,750 Ml,0.75000,620306
Vinos,Beringer,Beringer Main & Wine,Felipe Motta,750 Ml,0.75000,474913
Ron y aguardiente,Carta Vieja,Carta Vieja Claro,Global Brands,750 Ml,0.75000,498781
Vodka,Tanqueray,Tanqueray Sterling,Global Brands,750 Ml,0.75000,10423684
Ron y aguardiente,Cristal,Cristal,Otros,1000 Ml,1.00000,11804523
Ron y aguardiente,Carta Vieja,Carta Vieja Extra Claro,Global Brands,750 Ml,0.75000,498786
Ron y aguardiente,Carta Vieja,Carta Vieja Extra Claro,Global Brands,1750 Ml,1.75000,12816824
Cervezas,Modelo Especial,Modelo Especial,Cervecería Nacional,355 Ml,0.35500,12814284
Ron y aguardiente,Abuelo,Abuelo Añejo,Varela Hermanos,750 Ml,0.75000,12814306
Ron y aguardiente,Flor De Caña,Flor De Caña Extra Seco,Otros,1000 Ml,1.00000,12814332
Cervezas,Michelob Ultra,Michelob Ultra,Cervecería Nacional,355 Ml,0.35500,12816848
Cervezas,Balboa Ice,Balboa Ice,Cervecería Nacional,437 Ml,0.43700,12816836
Ron y aguardiente,Carta Vieja,Carta Vieja Claro,Global Brands,1000 Ml,1.00000,12813554
Ron y aguardiente,Abuelo,Abuelo Añejo,Varela Hermanos,750 Ml,0.75000,12813550
Whisky,Old Parr,Old Parr,Global Brands,750 Ml,0.75000,12813542
Whisky,Johnnie Walker,Johnnie Walker Black Label,Global Brands,750 Ml,0.75000,11312242
Cervezas,Corona,Corona Extra,Cervecería Nacional,355 Ml,0.35500,12814044
Cervezas,Hollandia,Hollandia,Otros,330 Ml,0.33000,12816385
Cervezas,Erdinger,Erdinger Dunkel,Otros,500 Ml,0.50000,12816336
Cervezas,Kostritzer,Kostritzer Schwarzbier,Otros,330 Ml,0.33000,12816389
Vinos,Undurraga Lazo,Undurraga Lazo,Otros,750 Ml,0.75000,691523
Whisky,Glenfiddich,Glenfiddich,Felipe Motta,750 Ml,0.75000,629979
Cervezas,Modelo Especial,Modelo Especial,Cervecería Nacional,355 Ml,0.35500,12495715
Whisky,Chivas Regal,Chivas Regal,Swg,1000 Ml,1.00000,12841669
Vinos,Riunite,Riunite,Varela Hermanos,750 Ml,0.75000,12841765
Vinos,Barefoot,Barefoot,Varela Hermanos,187 Ml,0.18700,9613238
Ron y aguardiente,Bacardi,Bacardi Carta Oro,Felipe Motta,1750 Ml,1.75000,409468
Ron y aguardiente,Bacardi,Bacardi Limon,Felipe Motta,750 Ml,0.75000,409456
Cervezas,Balboa,Balboa,Cervecería Nacional,355 Ml,0.35500,12542017
Whisky,Johnnie Walker,Johnnie Walker Black Label,Global Brands,750 Ml,0.75000,12008125
Cervezas,Coors Light,Coors Light,Feduro,3552 Ml,3.55200,11425578
Whisky,Buchanans,Buchanans Select,Global Brands,750 Ml,0.75000,12028210
Cervezas,Bitburger,Bitburger Sin Alcohol,Otros,330 Ml,0.33000,12913760
Vinos,Yellow Tail,Yellow Tail,Varela Hermanos,750 Ml,0.75000,1000033
Vinos,Yellow Tail,Yellow Tail,Varela Hermanos,750 Ml,0.75000,1000037
Vinos,Yellow Tail,Yellow Tail,Varela Hermanos,750 Ml,0.75000,1000029
Vinos,Clos De Pirque,Clos De Pirque,Felipe Motta,1000 Ml,1.00000,10278636
Ron y aguardiente,Cortez,Cortez Blanco,Varela Hermanos,1750 Ml,1.75000,871774
Cervezas,Balboa Ice,Balboa Ice,Cervecería Nacional,330 Ml,0.33000,12870555
Vinos,Sarmientos De Tarapaca,Sarmientos De Tarapaca,Otros,750 Ml,0.75000,939483
Cervezas,Clandestina,Clandestina Intriga,Otros,355 Ml,0.35500,12892024
Cervezas,Moller,Moller,Otros,330 Ml,0.33000,12907244
Whisky,Chivas Regal,Chivas Regal,Swg,500 Ml,0.50000,6613954
Vinos,Riunite,Riunite D Oro,Varela Hermanos,187 Ml,0.18700,6431839
Cervezas,Balboa Ice,Balboa Ice,Cervecería Nacional,355 Ml,0.35500,12651081
Cervezas,Red Stripe,Red Stripe,Otros,330 Ml,0.33000,513995
Whisky,Old Parr,Old Parr,Global Brands,750 Ml,0.75000,13092483
Vinos,Jp Chenet,Jp Chenet,Varela Hermanos,750 Ml,0.75000,6677907
Cervezas,Bavaria Holland,Bavaria Holland Sin Alcohol,Otros,330 Ml,0.33000,13132233
Ron y aguardiente,Abuelo,Abuelo Añejo,Varela Hermanos,1000 Ml,1.00000,6767293
Vinos,Sol De Chile,Sol De Chile,Otros,750 Ml,0.75000,13145930
Cervezas,Estrella Damm,Estrella Damm Barcelona,Otros,330 Ml,0.33000,12798883
Ron y aguardiente,Flor De Caña,Flor De Caña Black Label,Otros,750 Ml,0.75000,7092935
Whisky,Old Parr,Old Parr,Global Brands,500 Ml,0.50000,12816335
Cervezas,Clandestina,Clandestina Malek,Otros,355 Ml,0.35500,12816321
Vinos,Riunite,Riunite Bianco,Varela Hermanos,1500 Ml,1.50000,12841782
Vinos,Undurraga,Undurraga,Varela Hermanos,750 Ml,0.75000,2038983
Cervezas,Corona,Corona Extra,Cervecería Nacional,4260 Ml,4.26000,12118128
Vodka,Smirnoff,Smirnoff,Global Brands,1000 Ml,1.00000,12118718
Tequila y complementos,Rancho Alegre,Rancho Alegre,Otros,1000 Ml,1.00000,2098703
Whisky,Jack Daniels,Jack Daniels,Global Brands,375 Ml,0.37500,12892435
Tequila y complementos,Patron,Patron Reposado,Swg,750 Ml,0.75000,12921752
Cervezas,Mahou,Mahou Cinco Estrellas,Otros,330 Ml,0.33000,12962344
Vinos,Undurraga Lazo,Undurraga Lazo,Otros,750 Ml,0.75000,12274428
Cervezas,Quilmes,Quilmes,Otros,340 Ml,0.34000,11707088
Ron y aguardiente,Cristal,Cristal,Otros,750 Ml,0.75000,6613998
Ron y aguardiente,Flor De Caña,Flor De Caña Añejo Oro,Otros,750 Ml,0.75000,7092985
Vinos,Trivento,Trivento Mixtus,Felipe Motta,750 Ml,0.75000,10278631
Vinos,Kendall Jackson,Kendall Jackson,Otros,750 Ml,0.75000,11801936
Cervezas,Estrella Damm,Estrella Damm Inedit,Otros,330 Ml,0.33000,10425153
Vinos,Cata Mayor,Cata Mayor,Otros,750 Ml,0.75000,7991572
Vinos,Barefoot,Barefoot,Varela Hermanos,750 Ml,0.75000,9612763
Cervezas,Moller,Moller,Otros,330 Ml,0.33000,12540652
Vinos,The Little Penguin,The Little Penguin,Felipe Motta,750 Ml,0.75000,702321
Vinos,Manischewitz,Manischewitz,Felipe Motta,750 Ml,0.75000,725536
Cervezas,Bavaria Holland,Bavaria Holland,Otros,330 Ml,0.33000,10851410
Cervezas,Veranera,Veranera,Otros,355 Ml,0.35500,12694072
Cervezas,Modelo Especial,Modelo Especial,Cervecería Nacional,355 Ml,0.35500,12715443
Cervezas,Oranjeboom,Oranjeboom Original,Otros,330 Ml,0.33000,9927253
Vinos,Altos Las Hormigas,Altos Las Hormigas Reserva,Felipe Motta,750 Ml,0.75000,392763
Vinos,Peñasol,Peñasol,Global Brands,1000 Ml,1.00000,809111
Vinos,B&g,B&g Reserve,Global Brands,750 Ml,0.75000,423200
Cervezas,Licher Weizen,Licher Weizen,Otros,500 Ml,0.50000,12814082
Vodka,Absolut,Absolut,Swg,1000 Ml,1.00000,12814213
Cervezas,Heineken,Heineken,Heineken Panamá,330 Ml,0.33000,12814263
Ron y aguardiente,Flor De Caña,Flor De Caña Extra Seco,Otros,1000 Ml,1.00000,11674546
Vinos,Santiago Ruiz Albariño,Santiago Ruiz Albariño,Felipe Motta,750 Ml,0.75000,2039684
Vinos,Riunite,Riunite D Oro,Varela Hermanos,187 Ml,0.18700,12841893
Cervezas,Moller Light,Moller Light,Otros,1980 Ml,1.98000,12617683
Cervezas,Presidente Light,Presidente Light,Cervecería Nacional,355 Ml,0.35500,10809188
Ron y aguardiente,Mount Gay,Mount Gay,Otros,750 Ml,0.75000,10568061
Cervezas,Moller Light,Moller Light,Otros,330 Ml,0.33000,12537753
Cervezas,Clandestina,Clandestina Ley Seca,Otros,355 Ml,0.35500,12694166
Vinos,Santa Rita,Santa Rita Reserva,Swg,750 Ml,0.75000,6431326
Vinos,Riunite,Riunite D Oro,Varela Hermanos,750 Ml,0.75000,6431838
Vodka,Smirnoff,Smirnoff Twist,Global Brands,750 Ml,0.75000,6431906
Cervezas,Becks,Becks,Felipe Motta,1650 Ml,1.65000,12627363
Cervezas,Panama Light,Panama Light,Heineken Panamá,4260 Ml,4.26000,12679959
Cervezas,Miller Lite,Miller Lite,Feduro,2130 Ml,2.13000,10930513
Ron y aguardiente,Antioqueño,Antioqueño,Global Brands,1000 Ml,1.00000,2038668
Ron y aguardiente,Bacardi,Bacardi Carta Oro,Felipe Motta,1750 Ml,1.75000,12816640
Vodka,Finlandia,Finlandia,Otros,1000 Ml,1.00000,12816811
Vodka,Absolut,Absolut,Swg,375 Ml,0.37500,12816862
Cervezas,Panama,Panama,Heineken Panamá,355 Ml,0.35500,12814057
Whisky,Buchanans,Buchanans Deluxe,Global Brands,750 Ml,0.75000,12814091
Whisky,Jack Daniels,Jack Daniels Black,Global Brands,750 Ml,0.75000,12814095
Ron y aguardiente,Carta Vieja,Carta Vieja Extra Claro,Global Brands,750 Ml,0.75000,12814188
Ron y aguardiente,Flor De Caña,Flor De Caña Añejo Oro,Otros,750 Ml,0.75000,12814164
Cervezas,Guinness,Guinness Extra Stout,Heineken Panamá,355 Ml,0.35500,12814208
Cervezas,Estrella Damm,Estrella Damm Barcelona,Otros,330 Ml,0.33000,12816314
Vinos,Morande,Morande Pionero,Otros,750 Ml,0.75000,2101776
Whisky,Old Parr,Old Parr 18,Global Brands,750 Ml,0.75000,12827513
Vinos,Osborne,Osborne,Otros,750 Ml,0.75000,2115848
Ron y aguardiente,Abuelo,Abuelo Añejo,Varela Hermanos,750 Ml,0.75000,12814232
Vodka,Smirnoff,Smirnoff,Global Brands,1750 Ml,1.75000,12814237
Ron y aguardiente,Botran,Botran Oro,Swg,750 Ml,0.75000,12817404
Cervezas,Leffe,Leffe Blonde,Felipe Motta,330 Ml,0.33000,9827610
Whisky,Chivas Regal,Chivas Regal Gold Signature,Swg,750 Ml,0.75000,12869861
Cervezas,Old Milwaukee,Old Milwaukee,Felipe Motta,473 Ml,0.47300,12870047
Cervezas,Becks,Becks,Felipe Motta,2130 Ml,2.13000,12863727
Cervezas,Atlas Golden Light,Atlas Golden Light,Cervecería Nacional,8520 Ml,8.52000,12871169
Vinos,Riunite,Riunite,Varela Hermanos,750 Ml,0.75000,12841820
Vodka,Crystal Head,Crystal Head,Swg,750 Ml,0.75000,12880699
Ron y aguardiente,Abuelo,Abuelo Añejo,Varela Hermanos,750 Ml,0.75000,12935310
Cervezas,Blanche De Bruxelles,Blanche De Bruxelles,Otros,330 Ml,0.33000,12913934
Cervezas,Paulaner,Paulaner Oktoberfest,Global Brands,500 Ml,0.50000,12960856
Vinos,Casillero Del Diablo,Casillero del Diablo Reserva,Felipe Motta,750 Ml,0.75000,503025
Vinos,Sol De Chile,Sol De Chile,Otros,750 Ml,0.75000,13147748
Vinos,Santa Carolina,Santa Carolina,Global Brands,750 Ml,0.75000,13109216
Vinos,Santa Carolina,Santa Carolina,Global Brands,750 Ml,0.75000,13110776
Vodka,New Amsterdam,New Amsterdam,Varela Hermanos,750 Ml,0.75000,9830808
Vinos,Frontera,Frontera,Felipe Motta,1500 Ml,1.50000,620301
Cervezas,Grolsch,Grolsch,Varela Hermanos,330 Ml,0.33000,13156398
Cervezas,Mythos,Mythos Hellenic Ice,Otros,1320 Ml,1.32000,13166664
Vinos,Palo Alto,Palo Alto,Felipe Motta,750 Ml,0.75000,8184116
Vinos,Paso Fino,Paso Fino,Otros,750 Ml,0.75000,811967
Cervezas,Panama,Panama,Heineken Panamá,355 Ml,0.35500,12509206
Ron y aguardiente,Cortez,Cortez Blanco,Varela Hermanos,375 Ml,0.37500,871768
Vinos,Robert Mondavi,Robert Mondavi Private Selection,Felipe Motta,750 Ml,0.75000,869530
Vinos,Santa Rita,Santa Rita 120 Reserva Especial,Swg,750 Ml,0.75000,916718
Vodka,Stolichnaya,Stolichnaya,Otros,750 Ml,0.75000,10645163
Vodka,Stanislav,Stanislav,Varela Hermanos,750 Ml,0.75000,991790
Ron y aguardiente,Canalero,Canalero Añejo,Otros,1000 Ml,1.00000,11599965
Vinos,Black Swan,Black Swan,Otros,750 Ml,0.75000,2039838
Cervezas,Panama Light,Panama Light,Heineken Panamá,6840 Ml,6.84000,6975819
Whisky,Old Parr,Old Parr,Global Brands,500 Ml,0.50000,775022
Whisky,Old Parr,Old Parr,Global Brands,750 Ml,0.75000,775026
Vodka,Putinka,Putinka,Otros,750 Ml,0.75000,6872592
Vinos,Peñasol,Peñasol,Global Brands,1000 Ml,1.00000,809108
Vinos,Riunite,Riunite D Oro,Varela Hermanos,187 Ml,0.18700,869299
Vinos,Riunite,Riunite,Varela Hermanos,750 Ml,0.75000,869291
Ron y aguardiente,Abuelo,Abuelo Añejo,Varela Hermanos,375 Ml,0.37500,871675
Vinos,Torres,Torres Sangre De Toro,Swg,750 Ml,0.75000,882252
Vinos,Viña Maipo,Viña Maipo Dulzino,Global Brands,750 Ml,0.75000,10424863
Vinos,Ventisquero,Ventisquero Queulat,Otros,750 Ml,0.75000,10424899
Vinos,Riunite,Riunite Bianco,Varela Hermanos,187 Ml,0.18700,6431837
Cervezas,Oranjeboom,Oranjeboom Mega Strong 16,Otros,500 Ml,0.50000,9916898
Vinos,Casillero Del Diablo,Casillero del Diablo Reserva,Felipe Motta,750 Ml,0.75000,8184115
Vodka,Crystal Head,Crystal Head,Swg,750 Ml,0.75000,10462208
Vinos,Trapiche,Trapiche Reserva,Felipe Motta,750 Ml,0.75000,968476
Vinos,Two Oceans,Two Oceans,Otros,750 Ml,0.75000,467142
Vinos,Petret,Petret,Otros,750 Ml,0.75000,2033019
Vinos,Casillero Del Diablo,Casillero del Diablo Reserva,Felipe Motta,750 Ml,0.75000,503014
Vinos,Casillero Del Diablo,Casillero del Diablo Reserva,Felipe Motta,750 Ml,0.75000,503030
Vinos,Casillero Del Diablo,Casillero del Diablo Reserva,Felipe Motta,750 Ml,0.75000,503022
Vinos,Carlo Rossi,Carlo Rossi Red,Varela Hermanos,1500 Ml,1.50000,497344
Vinos,Barefoot,Barefoot,Varela Hermanos,750 Ml,0.75000,9612670
Vinos,Barefoot,Barefoot,Varela Hermanos,750 Ml,0.75000,9612653
Whisky,Old Parr,Old Parr,Global Brands,1000 Ml,1.00000,9719929
Ron y aguardiente,Zacapa,Zacapa Edicion Negra,Swg,750 Ml,0.75000,10941081
Vinos,Ventisquero,Ventisquero Clasico,Otros,750 Ml,0.75000,2114748
Vinos,Casillero Del Diablo,Casillero del Diablo Reserva,Felipe Motta,750 Ml,0.75000,503016
Vinos,Jp Chenet,Jp Chenet,Varela Hermanos,750 Ml,0.75000,6677450
Ginebra,Caballito,Caballito,Varela Hermanos,1750 Ml,1.75000,627787
Cervezas,Heineken,Heineken,Heineken Panamá,355 Ml,0.35500,643735
Vodka,Grey Goose,Grey Goose,Felipe Motta,750 Ml,0.75000,636199
Ginebra,Bulldog,Bulldog,Swg,750 Ml,0.75000,7991166
Cervezas,Paulaner,Paulaner,Global Brands,330 Ml,0.33000,12960584
Cervezas,Kronenbourg 1664,Kronenbourg 1664,Otros,330 Ml,0.33000,12961053
Cervezas,Coors Light,Coors Light,Feduro,3552 Ml,3.55200,12813545
Cervezas,Heineken,Heineken,Heineken Panamá,355 Ml,0.35500,12813549
Cervezas,Stella Artois,Stella Artois,Felipe Motta,750 Ml,0.75000,12813541
Cervezas,Stella Artois,Stella Artois,Felipe Motta,750 Ml,0.75000,11386259
Cervezas,Old Milwaukee,Old Milwaukee,Felipe Motta,473 Ml,0.47300,12814158
Vodka,Smirnoff,Smirnoff,Global Brands,750 Ml,0.75000,12814225
Cervezas,Clandestina,Clandestina Xa Madre,Otros,355 Ml,0.35500,12891633
Cervezas,Tsingtao,Tsingtao,Otros,330 Ml,0.33000,12817184
Vinos,Cecchi,Cecchi,Varela Hermanos,750 Ml,0.75000,12482180
Cervezas,Warsteiner,Warsteiner Verum,Otros,330 Ml,0.33000,10423570
Whisky,Jack Daniels,Jack Daniels Gentleman Jack,Global Brands,750 Ml,0.75000,12823446
Cervezas,Moller,Moller,Otros,330 Ml,0.33000,12579574
Cervezas,Sir Francis,Sir Francis,Otros,355 Ml,0.35500,12907720
Tequila y complementos,Patron,Patron Silver,Swg,375 Ml,0.37500,12907225
Tequila y complementos,1800,1800 Añejo,Felipe Motta,750 Ml,0.75000,12839151
Cervezas,River Down Ale,River Down Ale,Otros,355 Ml,0.35500,12695588
Vodka,Absolut,Absolut,Swg,750 Ml,0.75000,379418
Vodka,Absolut,Absolut,Swg,375 Ml,0.37500,379402
Vinos,Martin Codax,Martin Codax,Felipe Motta,750 Ml,0.75000,722326
Cervezas,Miller Mgd,Miller Mgd,Feduro,355 Ml,0.35500,735296
Ron y aguardiente,Antioqueño,Antioqueño,Global Brands,750 Ml,0.75000,387317
Cervezas,Quilmes,Quilmes,Otros,355 Ml,0.35500,11728303
Cervezas,Samuel Adams,Samuel Adams Rebel Ipa,Otros,355 Ml,0.35500,12814311
Whisky,Buchanans,Buchanans Special Reserve,Global Brands,750 Ml,0.75000,12816657
Ron y aguardiente,Canalero,Canalero Añejo,Otros,1750 Ml,1.75000,12814013
Tequila y complementos,Sauza,Sauza Gold,Vinos y Licores,750 Ml,0.75000,12814032
Cervezas,Pilsener,Pilsener,Otros,330 Ml,0.33000,12808903
Ron y aguardiente,Bacardi,Bacardi Limon,Felipe Motta,750 Ml,0.75000,12814054
Vinos,Riunite,Riunite Bianco,Varela Hermanos,187 Ml,0.18700,12841655
Vinos,Banfi,Banfi Centine,Felipe Motta,750 Ml,0.75000,413720
Ron y aguardiente,Bacardi,Bacardi Añejo,Felipe Motta,750 Ml,0.75000,409445
Vinos,Blue Nun,Blue Nun,Felipe Motta,750 Ml,0.75000,429714
Cervezas,Gose,Gose,Otros,355 Ml,0.35500,12907593
Whisky,Jack Daniels,Jack Daniels,Global Brands,1000 Ml,1.00000,12914300
Cervezas,Panama,Panama,Heineken Panamá,4260 Ml,4.26000,12946800
Vinos,Casas Patronales,Casas Patronales Reserva,H Tzanetatos,750 Ml,0.75000,466895
Cervezas,Michelob Ultra,Michelob Ultra,Cervecería Nacional,355 Ml,0.35500,13065305
Ron y aguardiente,Abuelo,Abuelo Añejo,Varela Hermanos,750 Ml,0.75000,871686
Cervezas,Balboa,Balboa Oktoberfest,Cervecería Nacional,330 Ml,0.33000,12119586
Ron y aguardiente,Carta Vieja,Carta Vieja Claro,Global Brands,1750 Ml,1.75000,498776
Cervezas,Erdinger,Erdinger Oktoberfest,Otros,500 Ml,0.50000,13168214
Vinos,Santa Rita,Santa Rita 120 Reserva Especial,Swg,750 Ml,0.75000,916732
Vinos,Undurraga,Undurraga,Varela Hermanos,750 Ml,0.75000,2030328
Cervezas,Atlas Golden Light,Atlas Golden Light,Cervecería Nacional,6390 Ml,6.39000,12208532
Vinos,Torres,Torres Sangre De Toro,Swg,750 Ml,0.75000,965659
Vinos,Cepa Roja,Cepa Roja,Varela Hermanos,750 Ml,0.75000,990792
Vinos,Cepa Roja,Cepa Roja,Varela Hermanos,750 Ml,0.75000,990784
Vinos,Frontera,Frontera,Felipe Motta,1500 Ml,1.50000,620299
Vinos,Gran Tarapaca,Gran Tarapaca,Global Brands,750 Ml,0.75000,635101
Cognac,Hennessy,Hennessy,Global Brands,700 Ml,0.70000,644677
Cervezas,Moller Light,Moller Light,Otros,330 Ml,0.33000,12579480
Whisky,Buchanans,Buchanans Deluxe,Global Brands,750 Ml,0.75000,12605272
Brandy,Lafayette,Lafayette,Varela Hermanos,750 Ml,0.75000,683661
Whisky,Chivas Regal,Chivas Regal Extra,Swg,750 Ml,0.75000,9556821
Cervezas,Chivoperro,Chivoperro,Otros,355 Ml,0.35500,12119573
Cervezas,Budweiser,Budweiser,Cervecería Nacional,2844 Ml,2.84400,12170441
Vinos,Jp Chenet,Jp Chenet,Varela Hermanos,750 Ml,0.75000,12531039
Cervezas,Heineken,Heineken,Heineken Panamá,250 Ml,0.25000,10425280
Ron y aguardiente,Bortons,Bortons,Otros,750 Ml,0.75000,10424483
Ron y aguardiente,Flor De Caña,Flor De Caña Centenario 18,Otros,750 Ml,0.75000,12627147
Cervezas,Miller Ultra,Miller Ultra,Feduro,355 Ml,0.35500,11386497
Vodka,Absolut,Absolut,Swg,1000 Ml,1.00000,379420
Ron y aguardiente,Antioqueño,Antioqueño,Global Brands,375 Ml,0.37500,387315
Vinos,Blue Nun,Blue Nun,Felipe Motta,750 Ml,0.75000,429712
Vinos,Vinum Missae,Vinum Missae,Otros,750 Ml,0.75000,10625195
Cervezas,Corona,Corona Extra,Cervecería Nacional,355 Ml,0.35500,12814239
Cervezas,Stella Artois,Stella Artois,Felipe Motta,330 Ml,0.33000,12814243
Cervezas,Benediktiner,Benediktiner Hell,Otros,500 Ml,0.50000,12814247
Tequila y complementos,Jose Cuervo,Jose Cuervo Silver,Felipe Motta,750 Ml,0.75000,560751
Ginebra,Bombay Sapphire,Bombay Sapphire,Felipe Motta,750 Ml,0.75000,12877210
Vinos,Clos De Pirque,Clos De Pirque,Felipe Motta,1000 Ml,1.00000,11918737
Ron y aguardiente,Abuelo,Abuelo Añejo,Varela Hermanos,750 Ml,0.75000,12814123
Tequila y complementos,Jose Cuervo,Jose Cuervo Silver,Felipe Motta,750 Ml,0.75000,12814070
Cervezas,Red Stripe,Red Stripe,Otros,330 Ml,0.33000,12814145
Cervezas,Erdinger,Erdinger Weissbier,Otros,500 Ml,0.50000,12814215
Vodka,Absolut,Absolut,Swg,750 Ml,0.75000,12814186
Tequila y complementos,Sierra,Sierra,Otros,700 Ml,0.70000,12814166
Ron y aguardiente,Barcelo,Barcelo Añejo,Swg,750 Ml,0.75000,12814191
Whisky,Johnnie Walker,Johnnie Walker Double Black,Global Brands,750 Ml,0.75000,12814260
Cervezas,Ballast Point,Ballast Point Bonito,Otros,355 Ml,0.35500,12816653
Ron y aguardiente,Colonial,Colonial Reserva Especial,Swg,700 Ml,0.70000,12816906
Whisky,Buchanans,Buchanans Master,Global Brands,750 Ml,0.75000,12817158
Cervezas,Panama,Panama,Heineken Panamá,355 Ml,0.35500,12816882
Tequila y complementos,Herradura,Herradura Añejo,Otros,750 Ml,0.75000,12817042
Cervezas,Tres Tristes Tigres,Tres Tristes Tigres,Otros,355 Ml,0.35500,12850722
Cervezas,Madre Tambor,Madre Tambor,Otros,350 Ml,0.35000,12946171
Vinos,Peñasol,Peñasol,Global Brands,750 Ml,0.75000,809109
Vinos,Protos,Protos Crianza,Global Brands,750 Ml,0.75000,843556
Tequila y complementos,Sauza,Sauza Hornitos,Vinos y Licores,750 Ml,0.75000,883710
Vodka,Smirnoff,Smirnoff Zero Sugar Infusions,Global Brands,750 Ml,0.75000,13148601
Cervezas,Erdinger,Erdinger Weissbier,Otros,500 Ml,0.50000,13153700
Tequila y complementos,1800,1800 Silver,Felipe Motta,750 Ml,0.75000,8080224
Whisky,Old Parr,Old Parr Tribute,Global Brands,750 Ml,0.75000,8189940
Vinos,Santa Rita,Santa Rita 3 Medallas,Swg,750 Ml,0.75000,11859261
Vinos,Don Simon,Don Simon,Otros,1000 Ml,1.00000,2041682
Ron y aguardiente,Abuelo,Abuelo Añejo,Varela Hermanos,750 Ml,0.75000,12032905
